movement_id,date,product_id,type,quantity
1,2025-04-03,1,in,38
2,2025-04-07,1,in,36
3,2025-04-10,1,in,19
4,2025-04-14,1,in,22
5,2025-04-17,1,in,30
6,2025-04-21,1,in,30
7,2025-04-24,1,in,32
8,2025-04-28,1,in,28
9,2025-05-01,1,in,24
10,2025-05-05,1,in,30
11,2025-05-08,1,in,15
12,2025-05-12,1,in,31
13,2025-05-15,1,in,35
14,2025-05-19,1,in,30
15,2025-05-22,1,in,23
16,2025-05-26,1,in,13
17,2025-05-29,1,in,21
18,2025-06-02,1,in,29
19,2025-06-05,1,in,32
20,2025-06-09,1,in,41
21,2025-06-12,1,in,23
22,2025-06-16,1,in,35
23,2025-06-19,1,in,44
24,2025-06-23,1,in,26
25,2025-06-26,1,in,25
26,2025-06-30,1,in,30
27,2025-07-03,1,in,24
28,2025-07-07,1,in,31
29,2025-07-10,1,in,14
30,2025-07-14,1,in,30
31,2025-07-17,1,in,29
32,2025-07-21,1,in,37
33,2025-07-24,1,in,24
34,2025-07-28,1,in,39
35,2025-07-31,1,in,25
36,2025-08-04,1,in,12
37,2025-08-07,1,in,19
38,2025-08-11,1,in,33
39,2025-08-14,1,in,15
40,2025-08-18,1,in,28
41,2025-08-21,1,in,47
42,2025-08-25,1,in,21
43,2025-08-28,1,in,24
44,2025-09-01,1,in,29
45,2025-09-04,1,in,23
46,2025-09-08,1,in,28
47,2025-09-11,1,in,27
48,2025-09-15,1,in,36
49,2025-09-18,1,in,24
50,2025-09-22,1,in,28
51,2025-09-25,1,in,32
52,2025-09-29,1,in,26
53,2025-04-03,2,in,20
54,2025-04-07,2,in,26
55,2025-04-10,2,in,18
56,2025-04-14,2,in,23
57,2025-04-17,2,in,22
58,2025-04-21,2,in,22
59,2025-04-24,2,in,22
60,2025-04-28,2,in,17
61,2025-05-01,2,in,18
62,2025-05-05,2,in,19
63,2025-05-08,2,in,16
64,2025-05-12,2,in,18
65,2025-05-15,2,in,18
66,2025-05-19,2,in,18
67,2025-05-22,2,in,18
68,2025-05-26,2,in,22
69,2025-05-29,2,in,14
70,2025-06-02,2,in,18
71,2025-06-05,2,in,8
72,2025-06-09,2,in,18
73,2025-06-12,2,in,29
74,2025-06-16,2,in,20
75,2025-06-19,2,in,24
76,2025-06-23,2,in,28
77,2025-06-26,2,in,24
78,2025-06-30,2,in,24
79,2025-07-03,2,in,20
80,2025-07-07,2,in,22
81,2025-07-10,2,in,22
82,2025-07-14,2,in,19
83,2025-07-17,2,in,26
84,2025-07-21,2,in,19
85,2025-07-24,2,in,20
86,2025-07-28,2,in,21
87,2025-07-31,2,in,20
88,2025-08-04,2,in,14
89,2025-08-07,2,in,20
90,2025-08-11,2,in,20
91,2025-08-14,2,in,11
92,2025-08-18,2,in,15
93,2025-08-21,2,in,16
94,2025-08-25,2,in,10
95,2025-08-28,2,in,16
96,2025-09-01,2,in,25
97,2025-09-04,2,in,21
98,2025-09-08,2,in,13
99,2025-09-11,2,in,22
100,2025-09-15,2,in,19
101,2025-09-18,2,in,22
102,2025-09-22,2,in,17
103,2025-09-25,2,in,20
104,2025-09-29,2,in,14
105,2025-04-03,3,in,44
106,2025-04-07,3,in,33
107,2025-04-10,3,in,32
108,2025-04-14,3,in,38
109,2025-04-17,3,in,48
110,2025-04-21,3,in,45
111,2025-04-24,3,in,41
112,2025-04-28,3,in,36
113,2025-05-01,3,in,37
114,2025-05-05,3,in,46
115,2025-05-08,3,in,36
116,2025-05-12,3,in,44
117,2025-05-15,3,in,44
118,2025-05-19,3,in,38
119,2025-05-22,3,in,44
120,2025-05-26,3,in,57
121,2025-05-29,3,in,51
122,2025-06-02,3,in,50
123,2025-06-05,3,in,27
124,2025-06-09,3,in,36
125,2025-06-12,3,in,39
126,2025-06-16,3,in,24
127,2025-06-19,3,in,30
128,2025-06-23,3,in,34
129,2025-06-26,3,in,54
130,2025-06-30,3,in,54
131,2025-07-03,3,in,30
132,2025-07-07,3,in,23
133,2025-07-10,3,in,22
134,2025-07-14,3,in,57
135,2025-07-17,3,in,25
136,2025-07-21,3,in,35
137,2025-07-24,3,in,43
138,2025-07-28,3,in,39
139,2025-07-31,3,in,18
140,2025-08-04,3,in,35
141,2025-08-07,3,in,32
142,2025-08-11,3,in,39
143,2025-08-14,3,in,46
144,2025-08-18,3,in,39
145,2025-08-21,3,in,47
146,2025-08-25,3,in,45
147,2025-08-28,3,in,40
148,2025-09-01,3,in,49
149,2025-09-04,3,in,43
150,2025-09-08,3,in,32
151,2025-09-11,3,in,27
152,2025-09-15,3,in,41
153,2025-09-18,3,in,29
154,2025-09-22,3,in,23
155,2025-09-25,3,in,29
156,2025-09-29,3,in,37
157,2025-04-03,4,in,37
158,2025-04-07,4,in,49
159,2025-04-10,4,in,43
160,2025-04-14,4,in,23
161,2025-04-17,4,in,50
162,2025-04-21,4,in,33
163,2025-04-24,4,in,11
164,2025-04-28,4,in,36
165,2025-05-01,4,in,41
166,2025-05-05,4,in,33
167,2025-05-08,4,in,28
168,2025-05-12,4,in,40
169,2025-05-15,4,in,29
170,2025-05-19,4,in,29
171,2025-05-22,4,in,31
172,2025-05-26,4,in,41
173,2025-05-29,4,in,25
174,2025-06-02,4,in,29
175,2025-06-05,4,in,36
176,2025-06-09,4,in,15
177,2025-06-12,4,in,24
178,2025-06-16,4,in,26
179,2025-06-19,4,in,24
180,2025-06-23,4,in,48
181,2025-06-26,4,in,22
182,2025-06-30,4,in,35
183,2025-07-03,4,in,21
184,2025-07-07,4,in,30
185,2025-07-10,4,in,39
186,2025-07-14,4,in,41
187,2025-07-17,4,in,29
188,2025-07-21,4,in,44
189,2025-07-24,4,in,33
190,2025-07-28,4,in,31
191,2025-07-31,4,in,27
192,2025-08-04,4,in,56
193,2025-08-07,4,in,35
194,2025-08-11,4,in,21
195,2025-08-14,4,in,28
196,2025-08-18,4,in,35
197,2025-08-21,4,in,41
198,2025-08-25,4,in,32
199,2025-08-28,4,in,31
200,2025-09-01,4,in,27
201,2025-09-04,4,in,27
202,2025-09-08,4,in,58
203,2025-09-11,4,in,37
204,2025-09-15,4,in,54
205,2025-09-18,4,in,47
206,2025-09-22,4,in,34
207,2025-09-25,4,in,41
208,2025-09-29,4,in,47
209,2025-04-03,5,in,8
210,2025-04-07,5,in,7
211,2025-04-10,5,in,7
212,2025-04-14,5,in,5
213,2025-04-17,5,in,6
214,2025-04-21,5,in,10
215,2025-04-24,5,in,12
216,2025-04-28,5,in,8
217,2025-05-01,5,in,8
218,2025-05-05,5,in,8
219,2025-05-08,5,in,9
220,2025-05-12,5,in,5
221,2025-05-15,5,in,6
222,2025-05-19,5,in,7
223,2025-05-22,5,in,4
224,2025-05-26,5,in,6
225,2025-05-29,5,in,8
226,2025-06-02,5,in,6
227,2025-06-05,5,in,6
228,2025-06-09,5,in,8
229,2025-06-12,5,in,7
230,2025-06-16,5,in,5
231,2025-06-19,5,in,4
232,2025-06-23,5,in,11
233,2025-06-26,5,in,6
234,2025-06-30,5,in,10
235,2025-07-03,5,in,9
236,2025-07-07,5,in,9
237,2025-07-10,5,in,3
238,2025-07-14,5,in,6
239,2025-07-17,5,in,8
240,2025-07-21,5,in,6
241,2025-07-24,5,in,7
242,2025-07-28,5,in,7
243,2025-07-31,5,in,5
244,2025-08-04,5,in,5
245,2025-08-07,5,in,8
246,2025-08-11,5,in,6
247,2025-08-14,5,in,7
248,2025-08-18,5,in,8
249,2025-08-21,5,in,8
250,2025-08-25,5,in,8
251,2025-08-28,5,in,9
252,2025-09-01,5,in,5
253,2025-09-04,5,in,11
254,2025-09-08,5,in,10
255,2025-09-11,5,in,6
256,2025-09-15,5,in,7
257,2025-09-18,5,in,7
258,2025-09-22,5,in,5
259,2025-09-25,5,in,6
260,2025-09-29,5,in,7
261,2025-04-03,6,in,7
262,2025-04-07,6,in,9
263,2025-04-10,6,in,8
264,2025-04-14,6,in,8
265,2025-04-17,6,in,6
266,2025-04-21,6,in,12
267,2025-04-24,6,in,10
268,2025-04-28,6,in,6
269,2025-05-01,6,in,7
270,2025-05-05,6,in,9
271,2025-05-08,6,in,11
272,2025-05-12,6,in,10
273,2025-05-15,6,in,6
274,2025-05-19,6,in,10
275,2025-05-22,6,in,7
276,2025-05-26,6,in,8
277,2025-05-29,6,in,6
278,2025-06-02,6,in,10
279,2025-06-05,6,in,6
280,2025-06-09,6,in,6
281,2025-06-12,6,in,7
282,2025-06-16,6,in,5
283,2025-06-19,6,in,9
284,2025-06-23,6,in,4
285,2025-06-26,6,in,5
286,2025-06-30,6,in,5
287,2025-07-03,6,in,9
288,2025-07-07,6,in,10
289,2025-07-10,6,in,4
290,2025-07-14,6,in,4
291,2025-07-17,6,in,8
292,2025-07-21,6,in,12
293,2025-07-24,6,in,7
294,2025-07-28,6,in,11
295,2025-07-31,6,in,8
296,2025-08-04,6,in,9
297,2025-08-07,6,in,12
298,2025-08-11,6,in,7
299,2025-08-14,6,in,8
300,2025-08-18,6,in,5
301,2025-08-21,6,in,10
302,2025-08-25,6,in,5
303,2025-08-28,6,in,10
304,2025-09-01,6,in,9
305,2025-09-04,6,in,7
306,2025-09-08,6,in,9
307,2025-09-11,6,in,12
308,2025-09-15,6,in,8
309,2025-09-18,6,in,3
310,2025-09-22,6,in,6
311,2025-09-25,6,in,7
312,2025-09-29,6,in,8
313,2025-04-03,7,in,55
314,2025-04-07,7,in,75
315,2025-04-10,7,in,68
316,2025-04-14,7,in,84
317,2025-04-17,7,in,90
318,2025-04-21,7,in,92
319,2025-04-24,7,in,104
320,2025-04-28,7,in,71
321,2025-05-01,7,in,116
322,2025-05-05,7,in,65
323,2025-05-08,7,in,74
324,2025-05-12,7,in,104
325,2025-05-15,7,in,94
326,2025-05-19,7,in,68
327,2025-05-22,7,in,65
328,2025-05-26,7,in,73
329,2025-05-29,7,in,60
330,2025-06-02,7,in,92
331,2025-06-05,7,in,70
332,2025-06-09,7,in,115
333,2025-06-12,7,in,108
334,2025-06-16,7,in,56
335,2025-06-19,7,in,104
336,2025-06-23,7,in,75
337,2025-06-26,7,in,63
338,2025-06-30,7,in,65
339,2025-07-03,7,in,50
340,2025-07-07,7,in,49
341,2025-07-10,7,in,78
342,2025-07-14,7,in,117
343,2025-07-17,7,in,40
344,2025-07-21,7,in,91
345,2025-07-24,7,in,91
346,2025-07-28,7,in,89
347,2025-07-31,7,in,69
348,2025-08-04,7,in,60
349,2025-08-07,7,in,91
350,2025-08-11,7,in,67
351,2025-08-14,7,in,80
352,2025-08-18,7,in,81
353,2025-08-21,7,in,116
354,2025-08-25,7,in,63
355,2025-08-28,7,in,77
356,2025-09-01,7,in,58
357,2025-09-04,7,in,59
358,2025-09-08,7,in,95
359,2025-09-11,7,in,101
360,2025-09-15,7,in,60
361,2025-09-18,7,in,66
362,2025-09-22,7,in,67
363,2025-09-25,7,in,63
364,2025-09-29,7,in,50
365,2025-04-03,8,in,12
366,2025-04-07,8,in,13
367,2025-04-10,8,in,12
368,2025-04-14,8,in,11
369,2025-04-17,8,in,15
370,2025-04-21,8,in,10
371,2025-04-24,8,in,15
372,2025-04-28,8,in,11
373,2025-05-01,8,in,14
374,2025-05-05,8,in,12
375,2025-05-08,8,in,11
376,2025-05-12,8,in,11
377,2025-05-15,8,in,7
378,2025-05-19,8,in,8
379,2025-05-22,8,in,14
380,2025-05-26,8,in,12
381,2025-05-29,8,in,11
382,2025-06-02,8,in,10
383,2025-06-05,8,in,6
384,2025-06-09,8,in,8
385,2025-06-12,8,in,11
386,2025-06-16,8,in,14
387,2025-06-19,8,in,12
388,2025-06-23,8,in,11
389,2025-06-26,8,in,8
390,2025-06-30,8,in,8
391,2025-07-03,8,in,9
392,2025-07-07,8,in,14
393,2025-07-10,8,in,17
394,2025-07-14,8,in,13
395,2025-07-17,8,in,7
396,2025-07-21,8,in,14
397,2025-07-24,8,in,14
398,2025-07-28,8,in,11
399,2025-07-31,8,in,11
400,2025-08-04,8,in,9
401,2025-08-07,8,in,16
402,2025-08-11,8,in,12
403,2025-08-14,8,in,13
404,2025-08-18,8,in,9
405,2025-08-21,8,in,9
406,2025-08-25,8,in,12
407,2025-08-28,8,in,15
408,2025-09-01,8,in,14
409,2025-09-04,8,in,14
410,2025-09-08,8,in,16
411,2025-09-11,8,in,9
412,2025-09-15,8,in,15
413,2025-09-18,8,in,12
414,2025-09-22,8,in,10
415,2025-09-25,8,in,6
416,2025-09-29,8,in,12
417,2025-04-03,1,out,26
418,2025-04-03,2,out,46
419,2025-04-03,3,out,27
420,2025-04-03,4,out,24
421,2025-04-03,5,out,31
422,2025-04-03,6,out,27
423,2025-04-03,7,out,43
424,2025-04-03,8,out,29
425,2025-04-04,1,out,47
426,2025-04-04,2,out,65
427,2025-04-04,3,out,56
428,2025-04-04,4,out,52
429,2025-04-04,5,out,52
430,2025-04-04,6,out,54
431,2025-04-04,7,out,48
432,2025-04-04,8,out,42
433,2025-04-05,1,out,58
434,2025-04-05,2,out,71
435,2025-04-05,3,out,59
436,2025-04-05,4,out,43
437,2025-04-05,5,out,42
438,2025-04-05,6,out,44
439,2025-04-05,7,out,49
440,2025-04-05,8,out,44
441,2025-04-06,1,out,33
442,2025-04-06,2,out,35
443,2025-04-06,3,out,32
444,2025-04-06,4,out,30
445,2025-04-06,5,out,29
446,2025-04-06,6,out,49
447,2025-04-06,7,out,21
448,2025-04-06,8,out,45
449,2025-04-07,1,out,37
450,2025-04-07,2,out,19
451,2025-04-07,3,out,21
452,2025-04-07,4,out,43
453,2025-04-07,5,out,31
454,2025-04-07,6,out,27
455,2025-04-07,7,out,45
456,2025-04-07,8,out,21
457,2025-04-08,1,out,33
458,2025-04-08,2,out,34
459,2025-04-08,3,out,30
460,2025-04-08,4,out,40
461,2025-04-08,5,out,32
462,2025-04-08,6,out,33
463,2025-04-08,7,out,42
464,2025-04-08,8,out,32
465,2025-04-09,1,out,20
466,2025-04-09,2,out,34
467,2025-04-09,3,out,32
468,2025-04-09,4,out,34
469,2025-04-09,5,out,30
470,2025-04-09,6,out,33
471,2025-04-09,7,out,23
472,2025-04-09,8,out,38
473,2025-04-10,1,out,34
474,2025-04-10,2,out,28
475,2025-04-10,3,out,35
476,2025-04-10,4,out,24
477,2025-04-10,5,out,23
478,2025-04-10,6,out,36
479,2025-04-10,7,out,41
480,2025-04-10,8,out,17
481,2025-04-11,1,out,52
482,2025-04-11,2,out,52
483,2025-04-11,3,out,50
484,2025-04-11,4,out,39
485,2025-04-11,5,out,49
486,2025-04-11,6,out,57
487,2025-04-11,7,out,48
488,2025-04-11,8,out,36
489,2025-04-12,1,out,36
490,2025-04-12,2,out,33
491,2025-04-12,3,out,36
492,2025-04-12,4,out,51
493,2025-04-12,5,out,40
494,2025-04-12,6,out,34
495,2025-04-12,7,out,44
496,2025-04-12,8,out,34
497,2025-04-13,1,out,43
498,2025-04-13,2,out,23
499,2025-04-13,3,out,34
500,2025-04-13,4,out,50
501,2025-04-13,5,out,29
502,2025-04-13,6,out,38
503,2025-04-13,7,out,38
504,2025-04-13,8,out,31
505,2025-04-14,1,out,32
506,2025-04-14,2,out,19
507,2025-04-14,3,out,50
508,2025-04-14,4,out,53
509,2025-04-14,5,out,34
510,2025-04-14,6,out,42
511,2025-04-14,7,out,30
512,2025-04-14,8,out,41
513,2025-04-15,1,out,26
514,2025-04-15,2,out,31
515,2025-04-15,3,out,25
516,2025-04-15,4,out,34
517,2025-04-15,5,out,13
518,2025-04-15,6,out,28
519,2025-04-15,7,out,33
520,2025-04-15,8,out,19
521,2025-04-16,1,out,24
522,2025-04-16,2,out,17
523,2025-04-16,3,out,42
524,2025-04-16,4,out,31
525,2025-04-16,5,out,39
526,2025-04-16,6,out,33
527,2025-04-16,7,out,40
528,2025-04-16,8,out,29
529,2025-04-17,1,out,31
530,2025-04-17,2,out,27
531,2025-04-17,3,out,31
532,2025-04-17,4,out,23
533,2025-04-17,5,out,28
534,2025-04-17,6,out,33
535,2025-04-17,7,out,23
536,2025-04-17,8,out,22
537,2025-04-18,1,out,38
538,2025-04-18,2,out,66
539,2025-04-18,3,out,46
540,2025-04-18,4,out,47
541,2025-04-18,5,out,63
542,2025-04-18,6,out,58
543,2025-04-18,7,out,37
544,2025-04-18,8,out,39
545,2025-04-19,1,out,41
546,2025-04-19,2,out,40
547,2025-04-19,3,out,28
548,2025-04-19,4,out,58
549,2025-04-19,5,out,39
550,2025-04-19,6,out,44
551,2025-04-19,7,out,44
552,2025-04-19,8,out,47
553,2025-04-20,1,out,40
554,2025-04-20,2,out,51
555,2025-04-20,3,out,68
556,2025-04-20,4,out,41
557,2025-04-20,5,out,32
558,2025-04-20,6,out,38
559,2025-04-20,7,out,42
560,2025-04-20,8,out,41
561,2025-04-21,1,out,17
562,2025-04-21,2,out,32
563,2025-04-21,3,out,25
564,2025-04-21,4,out,17
565,2025-04-21,5,out,26
566,2025-04-21,6,out,18
567,2025-04-21,7,out,31
568,2025-04-21,8,out,29
569,2025-04-22,1,out,37
570,2025-04-22,2,out,42
571,2025-04-22,3,out,36
572,2025-04-22,4,out,30
573,2025-04-22,5,out,41
574,2025-04-22,6,out,25
575,2025-04-22,7,out,23
576,2025-04-22,8,out,31
577,2025-04-23,1,out,39
578,2025-04-23,2,out,37
579,2025-04-23,3,out,21
580,2025-04-23,4,out,32
581,2025-04-23,5,out,14
582,2025-04-23,6,out,32
583,2025-04-23,7,out,36
584,2025-04-23,8,out,39
585,2025-04-24,1,out,41
586,2025-04-24,2,out,31
587,2025-04-24,3,out,22
588,2025-04-24,4,out,32
589,2025-04-24,5,out,14
590,2025-04-24,6,out,34
591,2025-04-24,7,out,28
592,2025-04-24,8,out,38
593,2025-04-25,1,out,56
594,2025-04-25,2,out,35
595,2025-04-25,3,out,29
596,2025-04-25,4,out,39
597,2025-04-25,5,out,56
598,2025-04-25,6,out,42
599,2025-04-25,7,out,34
600,2025-04-25,8,out,45
601,2025-04-26,1,out,44
602,2025-04-26,2,out,38
603,2025-04-26,3,out,53
604,2025-04-26,4,out,39
605,2025-04-26,5,out,44
606,2025-04-26,6,out,34
607,2025-04-26,7,out,52
608,2025-04-26,8,out,56
609,2025-04-27,1,out,31
610,2025-04-27,2,out,27
611,2025-04-27,3,out,34
612,2025-04-27,4,out,17
613,2025-04-27,5,out,35
614,2025-04-27,6,out,45
615,2025-04-27,7,out,33
616,2025-04-27,8,out,41
617,2025-04-28,1,out,36
618,2025-04-28,2,out,35
619,2025-04-28,3,out,50
620,2025-04-28,4,out,36
621,2025-04-28,5,out,25
622,2025-04-28,6,out,32
623,2025-04-28,7,out,42
624,2025-04-28,8,out,33
625,2025-04-29,1,out,37
626,2025-04-29,2,out,31
627,2025-04-29,3,out,24
628,2025-04-29,4,out,29
629,2025-04-29,5,out,26
630,2025-04-29,6,out,38
631,2025-04-29,7,out,34
632,2025-04-29,8,out,36
633,2025-04-30,1,out,23
634,2025-04-30,2,out,20
635,2025-04-30,3,out,33
636,2025-04-30,4,out,12
637,2025-04-30,5,out,22
638,2025-04-30,6,out,26
639,2025-04-30,7,out,26
640,2025-04-30,8,out,22
641,2025-05-01,1,out,28
642,2025-05-01,2,out,21
643,2025-05-01,3,out,47
644,2025-05-01,4,out,24
645,2025-05-01,5,out,24
646,2025-05-01,6,out,30
647,2025-05-01,7,out,27
648,2025-05-01,8,out,22
649,2025-05-02,1,out,44
650,2025-05-02,2,out,36
651,2025-05-02,3,out,39
652,2025-05-02,4,out,41
653,2025-05-02,5,out,55
654,2025-05-02,6,out,39
655,2025-05-02,7,out,47
656,2025-05-02,8,out,40
657,2025-05-03,1,out,55
658,2025-05-03,2,out,47
659,2025-05-03,3,out,46
660,2025-05-03,4,out,68
661,2025-05-03,5,out,54
662,2025-05-03,6,out,48
663,2025-05-03,7,out,40
664,2025-05-03,8,out,49
665,2025-05-04,1,out,42
666,2025-05-04,2,out,30
667,2025-05-04,3,out,38
668,2025-05-04,4,out,27
669,2025-05-04,5,out,39
670,2025-05-04,6,out,36
671,2025-05-04,7,out,37
672,2025-05-04,8,out,28
673,2025-05-05,1,out,38
674,2025-05-05,2,out,30
675,2025-05-05,3,out,33
676,2025-05-05,4,out,20
677,2025-05-05,5,out,31
678,2025-05-05,6,out,43
679,2025-05-05,7,out,35
680,2025-05-05,8,out,26
681,2025-05-06,1,out,27
682,2025-05-06,2,out,36
683,2025-05-06,3,out,35
684,2025-05-06,4,out,28
685,2025-05-06,5,out,19
686,2025-05-06,6,out,25
687,2025-05-06,7,out,13
688,2025-05-06,8,out,26
689,2025-05-07,1,out,28
690,2025-05-07,2,out,38
691,2025-05-07,3,out,31
692,2025-05-07,4,out,29
693,2025-05-07,5,out,29
694,2025-05-07,6,out,37
695,2025-05-07,7,out,29
696,2025-05-07,8,out,38
697,2025-05-08,1,out,25
698,2025-05-08,2,out,48
699,2025-05-08,3,out,26
700,2025-05-08,4,out,28
701,2025-05-08,5,out,33
702,2025-05-08,6,out,24
703,2025-05-08,7,out,23
704,2025-05-08,8,out,24
705,2025-05-09,1,out,44
706,2025-05-09,2,out,47
707,2025-05-09,3,out,32
708,2025-05-09,4,out,33
709,2025-05-09,5,out,28
710,2025-05-09,6,out,35
711,2025-05-09,7,out,46
712,2025-05-09,8,out,53
713,2025-05-10,1,out,41
714,2025-05-10,2,out,39
715,2025-05-10,3,out,39
716,2025-05-10,4,out,58
717,2025-05-10,5,out,38
718,2025-05-10,6,out,34
719,2025-05-10,7,out,25
720,2025-05-10,8,out,43
721,2025-05-11,1,out,34
722,2025-05-11,2,out,31
723,2025-05-11,3,out,41
724,2025-05-11,4,out,47
725,2025-05-11,5,out,38
726,2025-05-11,6,out,30
727,2025-05-11,7,out,32
728,2025-05-11,8,out,44
729,2025-05-12,1,out,35
730,2025-05-12,2,out,38
731,2025-05-12,3,out,42
732,2025-05-12,4,out,43
733,2025-05-12,5,out,34
734,2025-05-12,6,out,37
735,2025-05-12,7,out,36
736,2025-05-12,8,out,33
737,2025-05-13,1,out,26
738,2025-05-13,2,out,41
739,2025-05-13,3,out,28
740,2025-05-13,4,out,39
741,2025-05-13,5,out,39
742,2025-05-13,6,out,35
743,2025-05-13,7,out,34
744,2025-05-13,8,out,32
745,2025-05-14,1,out,20
746,2025-05-14,2,out,25
747,2025-05-14,3,out,50
748,2025-05-14,4,out,36
749,2025-05-14,5,out,26
750,2025-05-14,6,out,44
751,2025-05-14,7,out,28
752,2025-05-14,8,out,26
753,2025-05-15,1,out,24
754,2025-05-15,2,out,38
755,2025-05-15,3,out,27
756,2025-05-15,4,out,32
757,2025-05-15,5,out,25
758,2025-05-15,6,out,20
759,2025-05-15,7,out,30
760,2025-05-15,8,out,28
761,2025-05-16,1,out,50
762,2025-05-16,2,out,33
763,2025-05-16,3,out,42
764,2025-05-16,4,out,38
765,2025-05-16,5,out,30
766,2025-05-16,6,out,36
767,2025-05-16,7,out,34
768,2025-05-16,8,out,41
769,2025-05-17,1,out,37
770,2025-05-17,2,out,39
771,2025-05-17,3,out,35
772,2025-05-17,4,out,42
773,2025-05-17,5,out,47
774,2025-05-17,6,out,37
775,2025-05-17,7,out,39
776,2025-05-17,8,out,56
777,2025-05-18,1,out,32
778,2025-05-18,2,out,33
779,2025-05-18,3,out,28
780,2025-05-18,4,out,21
781,2025-05-18,5,out,33
782,2025-05-18,6,out,23
783,2025-05-18,7,out,21
784,2025-05-18,8,out,22
785,2025-05-19,1,out,22
786,2025-05-19,2,out,44
787,2025-05-19,3,out,36
788,2025-05-19,4,out,28
789,2025-05-19,5,out,29
790,2025-05-19,6,out,39
791,2025-05-19,7,out,47
792,2025-05-19,8,out,25
793,2025-05-20,1,out,32
794,2025-05-20,2,out,38
795,2025-05-20,3,out,37
796,2025-05-20,4,out,31
797,2025-05-20,5,out,39
798,2025-05-20,6,out,26
799,2025-05-20,7,out,35
800,2025-05-20,8,out,18
801,2025-05-21,1,out,32
802,2025-05-21,2,out,25
803,2025-05-21,3,out,24
804,2025-05-21,4,out,40
805,2025-05-21,5,out,19
806,2025-05-21,6,out,25
807,2025-05-21,7,out,29
808,2025-05-21,8,out,28
809,2025-05-22,1,out,25
810,2025-05-22,2,out,38
811,2025-05-22,3,out,38
812,2025-05-22,4,out,31
813,2025-05-22,5,out,30
814,2025-05-22,6,out,37
815,2025-05-22,7,out,37
816,2025-05-22,8,out,41
817,2025-05-23,1,out,55
818,2025-05-23,2,out,28
819,2025-05-23,3,out,43
820,2025-05-23,4,out,52
821,2025-05-23,5,out,41
822,2025-05-23,6,out,35
823,2025-05-23,7,out,58
824,2025-05-23,8,out,63
825,2025-05-24,1,out,32
826,2025-05-24,2,out,46
827,2025-05-24,3,out,38
828,2025-05-24,4,out,37
829,2025-05-24,5,out,45
830,2025-05-24,6,out,52
831,2025-05-24,7,out,42
832,2025-05-24,8,out,38
833,2025-05-25,1,out,32
834,2025-05-25,2,out,21
835,2025-05-25,3,out,40
836,2025-05-25,4,out,39
837,2025-05-25,5,out,32
838,2025-05-25,6,out,39
839,2025-05-25,7,out,23
840,2025-05-25,8,out,33
841,2025-05-26,1,out,22
842,2025-05-26,2,out,35
843,2025-05-26,3,out,38
844,2025-05-26,4,out,33
845,2025-05-26,5,out,36
846,2025-05-26,6,out,31
847,2025-05-26,7,out,37
848,2025-05-26,8,out,27
849,2025-05-27,1,out,24
850,2025-05-27,2,out,30
851,2025-05-27,3,out,26
852,2025-05-27,4,out,34
853,2025-05-27,5,out,35
854,2025-05-27,6,out,24
855,2025-05-27,7,out,25
856,2025-05-27,8,out,34
857,2025-05-28,1,out,31
858,2025-05-28,2,out,26
859,2025-05-28,3,out,28
860,2025-05-28,4,out,38
861,2025-05-28,5,out,22
862,2025-05-28,6,out,27
863,2025-05-28,7,out,30
864,2025-05-28,8,out,37
865,2025-05-29,1,out,38
866,2025-05-29,2,out,26
867,2025-05-29,3,out,34
868,2025-05-29,4,out,24
869,2025-05-29,5,out,21
870,2025-05-29,6,out,38
871,2025-05-29,7,out,30
872,2025-05-29,8,out,41
873,2025-05-30,1,out,32
874,2025-05-30,2,out,56
875,2025-05-30,3,out,33
876,2025-05-30,4,out,36
877,2025-05-30,5,out,55
878,2025-05-30,6,out,36
879,2025-05-30,7,out,47
880,2025-05-30,8,out,40
881,2025-05-31,1,out,46
882,2025-05-31,2,out,42
883,2025-05-31,3,out,43
884,2025-05-31,4,out,44
885,2025-05-31,5,out,32
886,2025-05-31,6,out,25
887,2025-05-31,7,out,49
888,2025-05-31,8,out,33
889,2025-06-01,1,out,31
890,2025-06-01,2,out,51
891,2025-06-01,3,out,33
892,2025-06-01,4,out,30
893,2025-06-01,5,out,38
894,2025-06-01,6,out,45
895,2025-06-01,7,out,34
896,2025-06-01,8,out,40
897,2025-06-02,1,out,45
898,2025-06-02,2,out,34
899,2025-06-02,3,out,29
900,2025-06-02,4,out,47
901,2025-06-02,5,out,37
902,2025-06-02,6,out,34
903,2025-06-02,7,out,34
904,2025-06-02,8,out,35
905,2025-06-03,1,out,22
906,2025-06-03,2,out,22
907,2025-06-03,3,out,27
908,2025-06-03,4,out,43
909,2025-06-03,5,out,35
910,2025-06-03,6,out,34
911,2025-06-03,7,out,23
912,2025-06-03,8,out,36
913,2025-06-04,1,out,37
914,2025-06-04,2,out,36
915,2025-06-04,3,out,44
916,2025-06-04,4,out,29
917,2025-06-04,5,out,30
918,2025-06-04,6,out,31
919,2025-06-04,7,out,28
920,2025-06-04,8,out,36
921,2025-06-05,1,out,33
922,2025-06-05,2,out,27
923,2025-06-05,3,out,28
924,2025-06-05,4,out,26
925,2025-06-05,5,out,29
926,2025-06-05,6,out,33
927,2025-06-05,7,out,26
928,2025-06-05,8,out,26
929,2025-06-06,1,out,38
930,2025-06-06,2,out,37
931,2025-06-06,3,out,42
932,2025-06-06,4,out,41
933,2025-06-06,5,out,56
934,2025-06-06,6,out,39
935,2025-06-06,7,out,44
936,2025-06-06,8,out,46
937,2025-06-07,1,out,33
938,2025-06-07,2,out,35
939,2025-06-07,3,out,38
940,2025-06-07,4,out,42
941,2025-06-07,5,out,35
942,2025-06-07,6,out,37
943,2025-06-07,7,out,43
944,2025-06-07,8,out,39
945,2025-06-08,1,out,35
946,2025-06-08,2,out,33
947,2025-06-08,3,out,43
948,2025-06-08,4,out,43
949,2025-06-08,5,out,34
950,2025-06-08,6,out,50
951,2025-06-08,7,out,32
952,2025-06-08,8,out,33
953,2025-06-09,1,out,26
954,2025-06-09,2,out,39
955,2025-06-09,3,out,36
956,2025-06-09,4,out,38
957,2025-06-09,5,out,39
958,2025-06-09,6,out,34
959,2025-06-09,7,out,33
960,2025-06-09,8,out,33
961,2025-06-10,1,out,30
962,2025-06-10,2,out,35
963,2025-06-10,3,out,35
964,2025-06-10,4,out,32
965,2025-06-10,5,out,20
966,2025-06-10,6,out,30
967,2025-06-10,7,out,26
968,2025-06-10,8,out,28
969,2025-06-11,1,out,22
970,2025-06-11,2,out,34
971,2025-06-11,3,out,21
972,2025-06-11,4,out,19
973,2025-06-11,5,out,36
974,2025-06-11,6,out,36
975,2025-06-11,7,out,29
976,2025-06-11,8,out,50
977,2025-06-12,1,out,30
978,2025-06-12,2,out,32
979,2025-06-12,3,out,39
980,2025-06-12,4,out,23
981,2025-06-12,5,out,29
982,2025-06-12,6,out,13
983,2025-06-12,7,out,29
984,2025-06-12,8,out,31
985,2025-06-13,1,out,49
986,2025-06-13,2,out,40
987,2025-06-13,3,out,37
988,2025-06-13,4,out,53
989,2025-06-13,5,out,50
990,2025-06-13,6,out,47
991,2025-06-13,7,out,43
992,2025-06-13,8,out,55
993,2025-06-14,1,out,33
994,2025-06-14,2,out,50
995,2025-06-14,3,out,56
996,2025-06-14,4,out,41
997,2025-06-14,5,out,53
998,2025-06-14,6,out,51
999,2025-06-14,7,out,48
1000,2025-06-14,8,out,41
1001,2025-06-15,1,out,37
1002,2025-06-15,2,out,33
1003,2025-06-15,3,out,26
1004,2025-06-15,4,out,33
1005,2025-06-15,5,out,36
1006,2025-06-15,6,out,57
1007,2025-06-15,7,out,18
1008,2025-06-15,8,out,16
1009,2025-06-16,1,out,28
1010,2025-06-16,2,out,36
1011,2025-06-16,3,out,32
1012,2025-06-16,4,out,28
1013,2025-06-16,5,out,37
1014,2025-06-16,6,out,32
1015,2025-06-16,7,out,26
1016,2025-06-16,8,out,29
1017,2025-06-17,1,out,31
1018,2025-06-17,2,out,23
1019,2025-06-17,3,out,30
1020,2025-06-17,4,out,23
1021,2025-06-17,5,out,22
1022,2025-06-17,6,out,32
1023,2025-06-17,7,out,39
1024,2025-06-17,8,out,32
1025,2025-06-18,1,out,46
1026,2025-06-18,2,out,29
1027,2025-06-18,3,out,41
1028,2025-06-18,4,out,35
1029,2025-06-18,5,out,25
1030,2025-06-18,6,out,29
1031,2025-06-18,7,out,35
1032,2025-06-18,8,out,28
1033,2025-06-19,1,out,22
1034,2025-06-19,2,out,36
1035,2025-06-19,3,out,24
1036,2025-06-19,4,out,50
1037,2025-06-19,5,out,38
1038,2025-06-19,6,out,28
1039,2025-06-19,7,out,28
1040,2025-06-19,8,out,35
1041,2025-06-20,1,out,45
1042,2025-06-20,2,out,56
1043,2025-06-20,3,out,46
1044,2025-06-20,4,out,48
1045,2025-06-20,5,out,38
1046,2025-06-20,6,out,35
1047,2025-06-20,7,out,44
1048,2025-06-20,8,out,42
1049,2025-06-21,1,out,35
1050,2025-06-21,2,out,30
1051,2025-06-21,3,out,52
1052,2025-06-21,4,out,24
1053,2025-06-21,5,out,45
1054,2025-06-21,6,out,43
1055,2025-06-21,7,out,36
1056,2025-06-21,8,out,49
1057,2025-06-22,1,out,34
1058,2025-06-22,2,out,41
1059,2025-06-22,3,out,30
1060,2025-06-22,4,out,35
1061,2025-06-22,5,out,41
1062,2025-06-22,6,out,19
1063,2025-06-22,7,out,31
1064,2025-06-22,8,out,28
1065,2025-06-23,1,out,27
1066,2025-06-23,2,out,37
1067,2025-06-23,3,out,33
1068,2025-06-23,4,out,24
1069,2025-06-23,5,out,42
1070,2025-06-23,6,out,43
1071,2025-06-23,7,out,34
1072,2025-06-23,8,out,30
1073,2025-06-24,1,out,21
1074,2025-06-24,2,out,27
1075,2025-06-24,3,out,17
1076,2025-06-24,4,out,36
1077,2025-06-24,5,out,44
1078,2025-06-24,6,out,27
1079,2025-06-24,7,out,34
1080,2025-06-24,8,out,32
1081,2025-06-25,1,out,29
1082,2025-06-25,2,out,36
1083,2025-06-25,3,out,35
1084,2025-06-25,4,out,43
1085,2025-06-25,5,out,41
1086,2025-06-25,6,out,36
1087,2025-06-25,7,out,23
1088,2025-06-25,8,out,29
1089,2025-06-26,1,out,21
1090,2025-06-26,2,out,31
1091,2025-06-26,3,out,28
1092,2025-06-26,4,out,33
1093,2025-06-26,5,out,32
1094,2025-06-26,6,out,25
1095,2025-06-26,7,out,20
1096,2025-06-26,8,out,30
1097,2025-06-27,1,out,31
1098,2025-06-27,2,out,36
1099,2025-06-27,3,out,48
1100,2025-06-27,4,out,55
1101,2025-06-27,5,out,48
1102,2025-06-27,6,out,42
1103,2025-06-27,7,out,44
1104,2025-06-27,8,out,37
1105,2025-06-28,1,out,40
1106,2025-06-28,2,out,39
1107,2025-06-28,3,out,48
1108,2025-06-28,4,out,45
1109,2025-06-28,5,out,50
1110,2025-06-28,6,out,52
1111,2025-06-28,7,out,40
1112,2025-06-28,8,out,32
1113,2025-06-29,1,out,34
1114,2025-06-29,2,out,26
1115,2025-06-29,3,out,36
1116,2025-06-29,4,out,44
1117,2025-06-29,5,out,38
1118,2025-06-29,6,out,36
1119,2025-06-29,7,out,48
1120,2025-06-29,8,out,43
1121,2025-06-30,1,out,35
1122,2025-06-30,2,out,34
1123,2025-06-30,3,out,35
1124,2025-06-30,4,out,40
1125,2025-06-30,5,out,40
1126,2025-06-30,6,out,39
1127,2025-06-30,7,out,39
1128,2025-06-30,8,out,42
1129,2025-07-01,1,out,22
1130,2025-07-01,2,out,19
1131,2025-07-01,3,out,26
1132,2025-07-01,4,out,18
1133,2025-07-01,5,out,45
1134,2025-07-01,6,out,23
1135,2025-07-01,7,out,34
1136,2025-07-01,8,out,31
1137,2025-07-02,1,out,32
1138,2025-07-02,2,out,26
1139,2025-07-02,3,out,37
1140,2025-07-02,4,out,31
1141,2025-07-02,5,out,35
1142,2025-07-02,6,out,22
1143,2025-07-02,7,out,55
1144,2025-07-02,8,out,29
1145,2025-07-03,1,out,30
1146,2025-07-03,2,out,24
1147,2025-07-03,3,out,28
1148,2025-07-03,4,out,37
1149,2025-07-03,5,out,32
1150,2025-07-03,6,out,30
1151,2025-07-03,7,out,21
1152,2025-07-03,8,out,29
1153,2025-07-04,1,out,50
1154,2025-07-04,2,out,36
1155,2025-07-04,3,out,38
1156,2025-07-04,4,out,57
1157,2025-07-04,5,out,51
1158,2025-07-04,6,out,52
1159,2025-07-04,7,out,33
1160,2025-07-04,8,out,59
1161,2025-07-05,1,out,41
1162,2025-07-05,2,out,31
1163,2025-07-05,3,out,49
1164,2025-07-05,4,out,29
1165,2025-07-05,5,out,32
1166,2025-07-05,6,out,52
1167,2025-07-05,7,out,36
1168,2025-07-05,8,out,32
1169,2025-07-06,1,out,48
1170,2025-07-06,2,out,50
1171,2025-07-06,3,out,43
1172,2025-07-06,4,out,43
1173,2025-07-06,5,out,31
1174,2025-07-06,6,out,39
1175,2025-07-06,7,out,45
1176,2025-07-06,8,out,41
1177,2025-07-07,1,out,30
1178,2025-07-07,2,out,26
1179,2025-07-07,3,out,36
1180,2025-07-07,4,out,37
1181,2025-07-07,5,out,41
1182,2025-07-07,6,out,19
1183,2025-07-07,7,out,29
1184,2025-07-07,8,out,33
1185,2025-07-08,1,out,32
1186,2025-07-08,2,out,15
1187,2025-07-08,3,out,29
1188,2025-07-08,4,out,38
1189,2025-07-08,5,out,31
1190,2025-07-08,6,out,41
1191,2025-07-08,7,out,30
1192,2025-07-08,8,out,46
1193,2025-07-09,1,out,24
1194,2025-07-09,2,out,33
1195,2025-07-09,3,out,32
1196,2025-07-09,4,out,29
1197,2025-07-09,5,out,27
1198,2025-07-09,6,out,32
1199,2025-07-09,7,out,29
1200,2025-07-09,8,out,44
1201,2025-07-10,1,out,33
1202,2025-07-10,2,out,34
1203,2025-07-10,3,out,29
1204,2025-07-10,4,out,27
1205,2025-07-10,5,out,38
1206,2025-07-10,6,out,39
1207,2025-07-10,7,out,36
1208,2025-07-10,8,out,46
1209,2025-07-11,1,out,51
1210,2025-07-11,2,out,22
1211,2025-07-11,3,out,56
1212,2025-07-11,4,out,48
1213,2025-07-11,5,out,35
1214,2025-07-11,6,out,40
1215,2025-07-11,7,out,42
1216,2025-07-11,8,out,43
1217,2025-07-12,1,out,43
1218,2025-07-12,2,out,49
1219,2025-07-12,3,out,30
1220,2025-07-12,4,out,30
1221,2025-07-12,5,out,50
1222,2025-07-12,6,out,48
1223,2025-07-12,7,out,31
1224,2025-07-12,8,out,43
1225,2025-07-13,1,out,52
1226,2025-07-13,2,out,32
1227,2025-07-13,3,out,36
1228,2025-07-13,4,out,35
1229,2025-07-13,5,out,26
1230,2025-07-13,6,out,33
1231,2025-07-13,7,out,30
1232,2025-07-13,8,out,36
1233,2025-07-14,1,out,27
1234,2025-07-14,2,out,31
1235,2025-07-14,3,out,26
1236,2025-07-14,4,out,26
1237,2025-07-14,5,out,15
1238,2025-07-14,6,out,21
1239,2025-07-14,7,out,23
1240,2025-07-14,8,out,24
1241,2025-07-15,1,out,33
1242,2025-07-15,2,out,34
1243,2025-07-15,3,out,40
1244,2025-07-15,4,out,36
1245,2025-07-15,5,out,33
1246,2025-07-15,6,out,34
1247,2025-07-15,7,out,31
1248,2025-07-15,8,out,36
1249,2025-07-16,1,out,40
1250,2025-07-16,2,out,22
1251,2025-07-16,3,out,29
1252,2025-07-16,4,out,35
1253,2025-07-16,5,out,33
1254,2025-07-16,6,out,28
1255,2025-07-16,7,out,34
1256,2025-07-16,8,out,48
1257,2025-07-17,1,out,20
1258,2025-07-17,2,out,28
1259,2025-07-17,3,out,36
1260,2025-07-17,4,out,27
1261,2025-07-17,5,out,33
1262,2025-07-17,6,out,32
1263,2025-07-17,7,out,22
1264,2025-07-17,8,out,36
1265,2025-07-18,1,out,36
1266,2025-07-18,2,out,37
1267,2025-07-18,3,out,34
1268,2025-07-18,4,out,48
1269,2025-07-18,5,out,39
1270,2025-07-18,6,out,45
1271,2025-07-18,7,out,44
1272,2025-07-18,8,out,34
1273,2025-07-19,1,out,39
1274,2025-07-19,2,out,34
1275,2025-07-19,3,out,42
1276,2025-07-19,4,out,30
1277,2025-07-19,5,out,46
1278,2025-07-19,6,out,44
1279,2025-07-19,7,out,35
1280,2025-07-19,8,out,38
1281,2025-07-20,1,out,37
1282,2025-07-20,2,out,32
1283,2025-07-20,3,out,31
1284,2025-07-20,4,out,40
1285,2025-07-20,5,out,31
1286,2025-07-20,6,out,45
1287,2025-07-20,7,out,32
1288,2025-07-20,8,out,44
1289,2025-07-21,1,out,33
1290,2025-07-21,2,out,24
1291,2025-07-21,3,out,31
1292,2025-07-21,4,out,26
1293,2025-07-21,5,out,35
1294,2025-07-21,6,out,31
1295,2025-07-21,7,out,37
1296,2025-07-21,8,out,19
1297,2025-07-22,1,out,45
1298,2025-07-22,2,out,31
1299,2025-07-22,3,out,33
1300,2025-07-22,4,out,20
1301,2025-07-22,5,out,19
1302,2025-07-22,6,out,24
1303,2025-07-22,7,out,30
1304,2025-07-22,8,out,21
1305,2025-07-23,1,out,40
1306,2025-07-23,2,out,30
1307,2025-07-23,3,out,24
1308,2025-07-23,4,out,16
1309,2025-07-23,5,out,37
1310,2025-07-23,6,out,33
1311,2025-07-23,7,out,45
1312,2025-07-23,8,out,22
1313,2025-07-24,1,out,49
1314,2025-07-24,2,out,20
1315,2025-07-24,3,out,41
1316,2025-07-24,4,out,34
1317,2025-07-24,5,out,31
1318,2025-07-24,6,out,26
1319,2025-07-24,7,out,34
1320,2025-07-24,8,out,27
1321,2025-07-25,1,out,36
1322,2025-07-25,2,out,38
1323,2025-07-25,3,out,59
1324,2025-07-25,4,out,34
1325,2025-07-25,5,out,40
1326,2025-07-25,6,out,42
1327,2025-07-25,7,out,38
1328,2025-07-25,8,out,41
1329,2025-07-26,1,out,57
1330,2025-07-26,2,out,40
1331,2025-07-26,3,out,50
1332,2025-07-26,4,out,47
1333,2025-07-26,5,out,52
1334,2025-07-26,6,out,48
1335,2025-07-26,7,out,45
1336,2025-07-26,8,out,58
1337,2025-07-27,1,out,38
1338,2025-07-27,2,out,46
1339,2025-07-27,3,out,27
1340,2025-07-27,4,out,39
1341,2025-07-27,5,out,35
1342,2025-07-27,6,out,42
1343,2025-07-27,7,out,30
1344,2025-07-27,8,out,38
1345,2025-07-28,1,out,28
1346,2025-07-28,2,out,27
1347,2025-07-28,3,out,27
1348,2025-07-28,4,out,27
1349,2025-07-28,5,out,23
1350,2025-07-28,6,out,17
1351,2025-07-28,7,out,38
1352,2025-07-28,8,out,34
1353,2025-07-29,1,out,28
1354,2025-07-29,2,out,20
1355,2025-07-29,3,out,22
1356,2025-07-29,4,out,33
1357,2025-07-29,5,out,44
1358,2025-07-29,6,out,37
1359,2025-07-29,7,out,26
1360,2025-07-29,8,out,28
1361,2025-07-30,1,out,37
1362,2025-07-30,2,out,22
1363,2025-07-30,3,out,42
1364,2025-07-30,4,out,23
1365,2025-07-30,5,out,33
1366,2025-07-30,6,out,26
1367,2025-07-30,7,out,42
1368,2025-07-30,8,out,23
1369,2025-07-31,1,out,37
1370,2025-07-31,2,out,40
1371,2025-07-31,3,out,27
1372,2025-07-31,4,out,34
1373,2025-07-31,5,out,34
1374,2025-07-31,6,out,27
1375,2025-07-31,7,out,36
1376,2025-07-31,8,out,28
1377,2025-08-01,1,out,43
1378,2025-08-01,2,out,24
1379,2025-08-01,3,out,58
1380,2025-08-01,4,out,44
1381,2025-08-01,5,out,47
1382,2025-08-01,6,out,45
1383,2025-08-01,7,out,43
1384,2025-08-01,8,out,33
1385,2025-08-02,1,out,30
1386,2025-08-02,2,out,47
1387,2025-08-02,3,out,42
1388,2025-08-02,4,out,45
1389,2025-08-02,5,out,31
1390,2025-08-02,6,out,33
1391,2025-08-02,7,out,37
1392,2025-08-02,8,out,59
1393,2025-08-03,1,out,22
1394,2025-08-03,2,out,37
1395,2025-08-03,3,out,26
1396,2025-08-03,4,out,41
1397,2025-08-03,5,out,21
1398,2025-08-03,6,out,41
1399,2025-08-03,7,out,34
1400,2025-08-03,8,out,35
1401,2025-08-04,1,out,30
1402,2025-08-04,2,out,35
1403,2025-08-04,3,out,23
1404,2025-08-04,4,out,27
1405,2025-08-04,5,out,18
1406,2025-08-04,6,out,36
1407,2025-08-04,7,out,29
1408,2025-08-04,8,out,29
1409,2025-08-05,1,out,31
1410,2025-08-05,2,out,24
1411,2025-08-05,3,out,38
1412,2025-08-05,4,out,23
1413,2025-08-05,5,out,41
1414,2025-08-05,6,out,40
1415,2025-08-05,7,out,33
1416,2025-08-05,8,out,26
1417,2025-08-06,1,out,22
1418,2025-08-06,2,out,31
1419,2025-08-06,3,out,27
1420,2025-08-06,4,out,30
1421,2025-08-06,5,out,22
1422,2025-08-06,6,out,35
1423,2025-08-06,7,out,19
1424,2025-08-06,8,out,31
1425,2025-08-07,1,out,33
1426,2025-08-07,2,out,33
1427,2025-08-07,3,out,39
1428,2025-08-07,4,out,28
1429,2025-08-07,5,out,38
1430,2025-08-07,6,out,18
1431,2025-08-07,7,out,42
1432,2025-08-07,8,out,40
1433,2025-08-08,1,out,40
1434,2025-08-08,2,out,45
1435,2025-08-08,3,out,56
1436,2025-08-08,4,out,52
1437,2025-08-08,5,out,46
1438,2025-08-08,6,out,35
1439,2025-08-08,7,out,31
1440,2025-08-08,8,out,57
1441,2025-08-09,1,out,55
1442,2025-08-09,2,out,57
1443,2025-08-09,3,out,36
1444,2025-08-09,4,out,41
1445,2025-08-09,5,out,55
1446,2025-08-09,6,out,41
1447,2025-08-09,7,out,45
1448,2025-08-09,8,out,45
1449,2025-08-10,1,out,42
1450,2025-08-10,2,out,39
1451,2025-08-10,3,out,33
1452,2025-08-10,4,out,32
1453,2025-08-10,5,out,39
1454,2025-08-10,6,out,39
1455,2025-08-10,7,out,41
1456,2025-08-10,8,out,38
1457,2025-08-11,1,out,25
1458,2025-08-11,2,out,37
1459,2025-08-11,3,out,29
1460,2025-08-11,4,out,40
1461,2025-08-11,5,out,34
1462,2025-08-11,6,out,31
1463,2025-08-11,7,out,34
1464,2025-08-11,8,out,29
1465,2025-08-12,1,out,33
1466,2025-08-12,2,out,30
1467,2025-08-12,3,out,33
1468,2025-08-12,4,out,44
1469,2025-08-12,5,out,28
1470,2025-08-12,6,out,35
1471,2025-08-12,7,out,42
1472,2025-08-12,8,out,40
1473,2025-08-13,1,out,19
1474,2025-08-13,2,out,22
1475,2025-08-13,3,out,24
1476,2025-08-13,4,out,32
1477,2025-08-13,5,out,23
1478,2025-08-13,6,out,39
1479,2025-08-13,7,out,29
1480,2025-08-13,8,out,37
1481,2025-08-14,1,out,27
1482,2025-08-14,2,out,27
1483,2025-08-14,3,out,45
1484,2025-08-14,4,out,32
1485,2025-08-14,5,out,21
1486,2025-08-14,6,out,26
1487,2025-08-14,7,out,37
1488,2025-08-14,8,out,28
1489,2025-08-15,1,out,49
1490,2025-08-15,2,out,32
1491,2025-08-15,3,out,38
1492,2025-08-15,4,out,45
1493,2025-08-15,5,out,53
1494,2025-08-15,6,out,41
1495,2025-08-15,7,out,27
1496,2025-08-15,8,out,45
1497,2025-08-16,1,out,33
1498,2025-08-16,2,out,26
1499,2025-08-16,3,out,34
1500,2025-08-16,4,out,32
1501,2025-08-16,5,out,38
1502,2025-08-16,6,out,39
1503,2025-08-16,7,out,33
1504,2025-08-16,8,out,26
1505,2025-08-17,1,out,32
1506,2025-08-17,2,out,34
1507,2025-08-17,3,out,45
1508,2025-08-17,4,out,51
1509,2025-08-17,5,out,38
1510,2025-08-17,6,out,28
1511,2025-08-17,7,out,28
1512,2025-08-17,8,out,33
1513,2025-08-18,1,out,39
1514,2025-08-18,2,out,35
1515,2025-08-18,3,out,46
1516,2025-08-18,4,out,32
1517,2025-08-18,5,out,30
1518,2025-08-18,6,out,49
1519,2025-08-18,7,out,41
1520,2025-08-18,8,out,31
1521,2025-08-19,1,out,30
1522,2025-08-19,2,out,21
1523,2025-08-19,3,out,35
1524,2025-08-19,4,out,30
1525,2025-08-19,5,out,27
1526,2025-08-19,6,out,42
1527,2025-08-19,7,out,23
1528,2025-08-19,8,out,22
1529,2025-08-20,1,out,20
1530,2025-08-20,2,out,44
1531,2025-08-20,3,out,27
1532,2025-08-20,4,out,29
1533,2025-08-20,5,out,16
1534,2025-08-20,6,out,29
1535,2025-08-20,7,out,22
1536,2025-08-20,8,out,31
1537,2025-08-21,1,out,41
1538,2025-08-21,2,out,35
1539,2025-08-21,3,out,27
1540,2025-08-21,4,out,40
1541,2025-08-21,5,out,22
1542,2025-08-21,6,out,44
1543,2025-08-21,7,out,34
1544,2025-08-21,8,out,32
1545,2025-08-22,1,out,46
1546,2025-08-22,2,out,46
1547,2025-08-22,3,out,59
1548,2025-08-22,4,out,35
1549,2025-08-22,5,out,47
1550,2025-08-22,6,out,44
1551,2025-08-22,7,out,54
1552,2025-08-22,8,out,43
1553,2025-08-23,1,out,30
1554,2025-08-23,2,out,38
1555,2025-08-23,3,out,39
1556,2025-08-23,4,out,40
1557,2025-08-23,5,out,30
1558,2025-08-23,6,out,40
1559,2025-08-23,7,out,44
1560,2025-08-23,8,out,57
1561,2025-08-24,1,out,49
1562,2025-08-24,2,out,51
1563,2025-08-24,3,out,53
1564,2025-08-24,4,out,42
1565,2025-08-24,5,out,33
1566,2025-08-24,6,out,26
1567,2025-08-24,7,out,41
1568,2025-08-24,8,out,37
1569,2025-08-25,1,out,28
1570,2025-08-25,2,out,35
1571,2025-08-25,3,out,32
1572,2025-08-25,4,out,28
1573,2025-08-25,5,out,36
1574,2025-08-25,6,out,34
1575,2025-08-25,7,out,47
1576,2025-08-25,8,out,36
1577,2025-08-26,1,out,34
1578,2025-08-26,2,out,36
1579,2025-08-26,3,out,28
1580,2025-08-26,4,out,54
1581,2025-08-26,5,out,32
1582,2025-08-26,6,out,39
1583,2025-08-26,7,out,27
1584,2025-08-26,8,out,33
1585,2025-08-27,1,out,23
1586,2025-08-27,2,out,24
1587,2025-08-27,3,out,24
1588,2025-08-27,4,out,51
1589,2025-08-27,5,out,18
1590,2025-08-27,6,out,31
1591,2025-08-27,7,out,30
1592,2025-08-27,8,out,39
1593,2025-08-28,1,out,38
1594,2025-08-28,2,out,33
1595,2025-08-28,3,out,29
1596,2025-08-28,4,out,33
1597,2025-08-28,5,out,31
1598,2025-08-28,6,out,44
1599,2025-08-28,7,out,34
1600,2025-08-28,8,out,28
1601,2025-08-29,1,out,33
1602,2025-08-29,2,out,47
1603,2025-08-29,3,out,37
1604,2025-08-29,4,out,49
1605,2025-08-29,5,out,54
1606,2025-08-29,6,out,35
1607,2025-08-29,7,out,42
1608,2025-08-29,8,out,42
1609,2025-08-30,1,out,43
1610,2025-08-30,2,out,33
1611,2025-08-30,3,out,45
1612,2025-08-30,4,out,51
1613,2025-08-30,5,out,42
1614,2025-08-30,6,out,55
1615,2025-08-30,7,out,48
1616,2025-08-30,8,out,52
1617,2025-08-31,1,out,35
1618,2025-08-31,2,out,38
1619,2025-08-31,3,out,31
1620,2025-08-31,4,out,26
1621,2025-08-31,5,out,36
1622,2025-08-31,6,out,44
1623,2025-08-31,7,out,46
1624,2025-08-31,8,out,36
1625,2025-09-01,1,out,42
1626,2025-09-01,2,out,26
1627,2025-09-01,3,out,36
1628,2025-09-01,4,out,24
1629,2025-09-01,5,out,26
1630,2025-09-01,6,out,16
1631,2025-09-01,7,out,40
1632,2025-09-01,8,out,48
1633,2025-09-02,1,out,37
1634,2025-09-02,2,out,30
1635,2025-09-02,3,out,33
1636,2025-09-02,4,out,42
1637,2025-09-02,5,out,29
1638,2025-09-02,6,out,38
1639,2025-09-02,7,out,26
1640,2025-09-02,8,out,38
1641,2025-09-03,1,out,36
1642,2025-09-03,2,out,32
1643,2025-09-03,3,out,36
1644,2025-09-03,4,out,29
1645,2025-09-03,5,out,38
1646,2025-09-03,6,out,31
1647,2025-09-03,7,out,42
1648,2025-09-03,8,out,32
1649,2025-09-04,1,out,32
1650,2025-09-04,2,out,19
1651,2025-09-04,3,out,23
1652,2025-09-04,4,out,24
1653,2025-09-04,5,out,20
1654,2025-09-04,6,out,23
1655,2025-09-04,7,out,17
1656,2025-09-04,8,out,20
1657,2025-09-05,1,out,47
1658,2025-09-05,2,out,46
1659,2025-09-05,3,out,50
1660,2025-09-05,4,out,26
1661,2025-09-05,5,out,36
1662,2025-09-05,6,out,45
1663,2025-09-05,7,out,42
1664,2025-09-05,8,out,37
1665,2025-09-06,1,out,50
1666,2025-09-06,2,out,39
1667,2025-09-06,3,out,45
1668,2025-09-06,4,out,30
1669,2025-09-06,5,out,45
1670,2025-09-06,6,out,46
1671,2025-09-06,7,out,33
1672,2025-09-06,8,out,33
1673,2025-09-07,1,out,37
1674,2025-09-07,2,out,44
1675,2025-09-07,3,out,30
1676,2025-09-07,4,out,40
1677,2025-09-07,5,out,35
1678,2025-09-07,6,out,38
1679,2025-09-07,7,out,43
1680,2025-09-07,8,out,32
1681,2025-09-08,1,out,26
1682,2025-09-08,2,out,35
1683,2025-09-08,3,out,33
1684,2025-09-08,4,out,31
1685,2025-09-08,5,out,33
1686,2025-09-08,6,out,30
1687,2025-09-08,7,out,44
1688,2025-09-08,8,out,32
1689,2025-09-09,1,out,38
1690,2025-09-09,2,out,41
1691,2025-09-09,3,out,36
1692,2025-09-09,4,out,25
1693,2025-09-09,5,out,32
1694,2025-09-09,6,out,27
1695,2025-09-09,7,out,35
1696,2025-09-09,8,out,52
1697,2025-09-10,1,out,32
1698,2025-09-10,2,out,33
1699,2025-09-10,3,out,23
1700,2025-09-10,4,out,34
1701,2025-09-10,5,out,21
1702,2025-09-10,6,out,28
1703,2025-09-10,7,out,32
1704,2025-09-10,8,out,29
1705,2025-09-11,1,out,19
1706,2025-09-11,2,out,28
1707,2025-09-11,3,out,33
1708,2025-09-11,4,out,25
1709,2025-09-11,5,out,32
1710,2025-09-11,6,out,27
1711,2025-09-11,7,out,25
1712,2025-09-11,8,out,24
1713,2025-09-12,1,out,47
1714,2025-09-12,2,out,34
1715,2025-09-12,3,out,53
1716,2025-09-12,4,out,36
1717,2025-09-12,5,out,37
1718,2025-09-12,6,out,32
1719,2025-09-12,7,out,35
1720,2025-09-12,8,out,40
1721,2025-09-13,1,out,39
1722,2025-09-13,2,out,54
1723,2025-09-13,3,out,35
1724,2025-09-13,4,out,58
1725,2025-09-13,5,out,30
1726,2025-09-13,6,out,33
1727,2025-09-13,7,out,52
1728,2025-09-13,8,out,61
1729,2025-09-14,1,out,24
1730,2025-09-14,2,out,35
1731,2025-09-14,3,out,35
1732,2025-09-14,4,out,31
1733,2025-09-14,5,out,32
1734,2025-09-14,6,out,23
1735,2025-09-14,7,out,55
1736,2025-09-14,8,out,32
1737,2025-09-15,1,out,36
1738,2025-09-15,2,out,35
1739,2025-09-15,3,out,22
1740,2025-09-15,4,out,29
1741,2025-09-15,5,out,35
1742,2025-09-15,6,out,26
1743,2025-09-15,7,out,25
1744,2025-09-15,8,out,19
1745,2025-09-16,1,out,20
1746,2025-09-16,2,out,24
1747,2025-09-16,3,out,36
1748,2025-09-16,4,out,25
1749,2025-09-16,5,out,29
1750,2025-09-16,6,out,29
1751,2025-09-16,7,out,29
1752,2025-09-16,8,out,18
1753,2025-09-17,1,out,27
1754,2025-09-17,2,out,47
1755,2025-09-17,3,out,24
1756,2025-09-17,4,out,37
1757,2025-09-17,5,out,38
1758,2025-09-17,6,out,30
1759,2025-09-17,7,out,35
1760,2025-09-17,8,out,30
1761,2025-09-18,1,out,28
1762,2025-09-18,2,out,38
1763,2025-09-18,3,out,45
1764,2025-09-18,4,out,40
1765,2025-09-18,5,out,30
1766,2025-09-18,6,out,52
1767,2025-09-18,7,out,44
1768,2025-09-18,8,out,41
1769,2025-09-19,1,out,28
1770,2025-09-19,2,out,44
1771,2025-09-19,3,out,57
1772,2025-09-19,4,out,50
1773,2025-09-19,5,out,39
1774,2025-09-19,6,out,50
1775,2025-09-19,7,out,58
1776,2025-09-19,8,out,54
1777,2025-09-20,1,out,52
1778,2025-09-20,2,out,33
1779,2025-09-20,3,out,54
1780,2025-09-20,4,out,51
1781,2025-09-20,5,out,65
1782,2025-09-20,6,out,54
1783,2025-09-20,7,out,33
1784,2025-09-20,8,out,54
1785,2025-09-21,1,out,45
1786,2025-09-21,2,out,54
1787,2025-09-21,3,out,32
1788,2025-09-21,4,out,33
1789,2025-09-21,5,out,37
1790,2025-09-21,6,out,34
1791,2025-09-21,7,out,47
1792,2025-09-21,8,out,38
1793,2025-09-22,1,out,25
1794,2025-09-22,2,out,41
1795,2025-09-22,3,out,35
1796,2025-09-22,4,out,27
1797,2025-09-22,5,out,31
1798,2025-09-22,6,out,33
1799,2025-09-22,7,out,26
1800,2025-09-22,8,out,38
1801,2025-09-23,1,out,43
1802,2025-09-23,2,out,23
1803,2025-09-23,3,out,38
1804,2025-09-23,4,out,38
1805,2025-09-23,5,out,34
1806,2025-09-23,6,out,24
1807,2025-09-23,7,out,48
1808,2025-09-23,8,out,34
1809,2025-09-24,1,out,27
1810,2025-09-24,2,out,36
1811,2025-09-24,3,out,32
1812,2025-09-24,4,out,31
1813,2025-09-24,5,out,29
1814,2025-09-24,6,out,29
1815,2025-09-24,7,out,34
1816,2025-09-24,8,out,21
1817,2025-09-25,1,out,21
1818,2025-09-25,2,out,21
1819,2025-09-25,3,out,29
1820,2025-09-25,4,out,35
1821,2025-09-25,5,out,31
1822,2025-09-25,6,out,20
1823,2025-09-25,7,out,25
1824,2025-09-25,8,out,47
1825,2025-09-26,1,out,44
1826,2025-09-26,2,out,55
1827,2025-09-26,3,out,49
1828,2025-09-26,4,out,37
1829,2025-09-26,5,out,45
1830,2025-09-26,6,out,52
1831,2025-09-26,7,out,53
1832,2025-09-26,8,out,34
1833,2025-09-27,1,out,40
1834,2025-09-27,2,out,41
1835,2025-09-27,3,out,35
1836,2025-09-27,4,out,46
1837,2025-09-27,5,out,46
1838,2025-09-27,6,out,42
1839,2025-09-27,7,out,49
1840,2025-09-27,8,out,51
1841,2025-09-28,1,out,37
1842,2025-09-28,2,out,44
1843,2025-09-28,3,out,42
1844,2025-09-28,4,out,26
1845,2025-09-28,5,out,51
1846,2025-09-28,6,out,29
1847,2025-09-28,7,out,39
1848,2025-09-28,8,out,35
1849,2025-09-29,1,out,32
1850,2025-09-29,2,out,27
1851,2025-09-29,3,out,25
1852,2025-09-29,4,out,26
1853,2025-09-29,5,out,21
1854,2025-09-29,6,out,27
1855,2025-09-29,7,out,27
1856,2025-09-29,8,out,17
